"Player","Match Stat Matches","Aces per Game","DFs per Game","Ace to DF ratio","1st Serve %","1st Serve W %","2nd Serve W %","Service Pts W %","BP save %","Service hold %"
"Lois Boisson","1","0.47","0.07","6.71","66.7","72.6","41.9","62.4","37.5","66.7"
"Ya Yi Yang","1","1.5","0.29","5.17","58.1","70.5","34.1","55.2","58.3","64.3"
"Serena Williams","64","0.94","0.21","4.48","63","78.3","52.2","68.6","61.2","86.5"
"Jacqueline Cako","5","0.73","0.17","4.29","61.7","67","35.3","54.8","60.9","65.4"
"Ekaterina Dzehalevich","3","0.46","0.13","3.54","59.6","73.7","50","64.1","56.5","74.4"
"Robin Anderson","4","0.35","0.1","3.5","56.4","67.9","46.9","58.8","48.5","66.7"
"Martina Di Giuseppe","6","0.51","0.15","3.4","57.6","69.7","43.1","58.4","51.1","67.6"
"Gergana Topalova","4","0.38","0.12","3.17","61.7","67.9","40","57.2","58.6","64.7"
"Michaela Honcova","3","0.19","0.06","3.17","68.3","59.2","38.4","52.6","65.9","54.8"
"Cornelia Lister","5","0.56","0.18","3.11","64.1","70.1","53.5","64.1","60","77.8"
"Lucija Ciric Bagaric","1","0.33","0.11","3","60","60.6","31.8","49.1","28.6","44.4"
"Emina Bektas","22","0.48","0.16","3","69.7","69.8","47.3","63","61.3","79"
"Katarina Srebotnik","1","0.21","0.07","3","75.7","71.4","50","66.2","0","78.6"
"Fangzhou Liu","5","0.35","0.12","2.92","66.3","57.4","39","51.2","51.2","51.2"
"Deniz Khazaniuk","2","0.14","0.05","2.8","75.9","55.1","58.8","56","38.5","63.6"
"Georgina Garcia Perez","11","0.84","0.3","2.8","61.1","71.4","39.6","59","60.2","69.7"
"Madison Keys","73","0.54","0.2","2.7","65.9","72.2","47.9","63.9","62.6","79.9"
"Naomi Osaka","34","0.55","0.21","2.62","59","70.8","47.7","61.3","57.6","77.3"
"Karolina Muchova","25","0.44","0.17","2.59","63.8","67.6","47.6","60.4","53.5","72"
"Joy De Zeeuw","1","0.45","0.18","2.5","72.3","70.2","61.1","67.7","75","90.9"
"Sofia Costoulas","1","0.5","0.2","2.5","65.6","61.9","36.4","53.1","33.3","60"
"Carly Gullickson","2","0.6","0.24","2.5","61.8","72.9","50","64.2","72.2","80"
"Sarah Gronert","4","0.82","0.33","2.48","56","75.2","45.7","62.2","68.2","78.8"
"Eva Vedder","4","0.64","0.26","2.46","57","72.3","44.8","60.5","72.2","76.2"
"Julie Coin","8","0.59","0.24","2.46","56.6","65.5","46.6","57.3","56.9","69"
"Galina Voskoboeva","7","0.41","0.17","2.41","60.5","68","47.4","59.9","52.9","73.9"
"Agnieszka Radwanska","71","0.24","0.1","2.4","69.4","66","49.3","60.9","62.9","76.1"
"Jessika Ponchet","24","0.57","0.24","2.38","58.8","70.7","41","58.5","59.6","71.2"
"Rebecca Marino","39","0.71","0.3","2.37","57.8","70.7","47.1","60.8","53.1","72.3"
"Nadia Petrova","25","0.52","0.22","2.36","60.1","70.1","49","61.7","57.1","76.4"
"Mirjam Bjorklund","6","0.21","0.09","2.33","68.2","60.3","43.5","55","57.4","61.3"
"Eva Guerrero Alvarez","1","0.7","0.3","2.33","65.5","71.1","65","69","33.3","80"
"Kristyna Pliskova","46","0.71","0.31","2.29","62.2","72","47.5","62.7","58.5","78.1"
"Karolina Pliskova","86","0.68","0.3","2.27","65.6","71.6","45.4","62.6","63.5","78.8"
"Mayar Sherif","8","0.42","0.19","2.21","73.2","65.3","38.6","58.2","61.1","69.2"
"Magdalena Rybarikova","68","0.42","0.19","2.21","60.8","68.7","46.4","60","61.2","73.9"
"Ons Jabeur","67","0.4","0.19","2.11","56.7","70.8","51.3","62.4","61","77.6"
"Pemra Ozgen","3","0.21","0.1","2.1","68.1","62.9","56.9","61","56.3","75.9"
"Anca Alexia Todoni","12","0.46","0.22","2.09","63.4","65.9","50.9","60.4","68.8","77.6"
"Veronika Kudermetova","57","0.5","0.24","2.08","61.4","70.6","45.3","60.8","59.2","74.4"
"Fernanda Contreras Gomez","7","0.33","0.16","2.06","53.1","70.9","47.8","60.1","52.4","70.1"
"Elena Rybakina","52","0.64","0.31","2.06","58.1","74.4","48.7","63.7","63.5","80.8"
"Maria Jose Martinez Sanchez","15","0.41","0.2","2.05","60","67","48","59.5","52.9","69.8"
"Akgul Amanmuradova","14","0.41","0.2","2.05","69","61.2","47.4","56.9","56.5","65"
"Dalma Galfi","28","0.49","0.24","2.04","64.6","67.3","50.9","61.5","61.1","76.1"
"Lola Radivojevic","2","0.58","0.29","2","57","67","42.5","56.5","66.7","62.5"
"Rebeka Masarova","24","0.56","0.28","2","64.1","71.3","49.5","63.4","61.6","78.5"
"Ashleigh Barty","47","0.58","0.29","2","61.3","74.7","49.8","65.1","63.2","82"
"Sally Peers","1","0.22","0.11","2","62.1","47.2","36.4","43.1","40","33.3"
"Marta Domachowska","2","0.36","0.18","2","69.4","64","45","58.2","69.2","71.4"
"Jennifer Brady","18","0.51","0.26","1.96","56.4","70.2","48.5","60.7","60.1","72.4"
"Naomi Broady","35","0.72","0.37","1.95","57.3","73","42.7","60.1","55.5","71.9"
"Svenja Weidemann","1","0.33","0.17","1.94","52.5","47.6","31.6","40","50","16.7"
"Caroline Garcia","71","0.54","0.28","1.93","62.1","69.6","48.8","61.7","62","77.5"
"Katrina Scott","2","0.25","0.13","1.92","61.2","65.6","43.9","57.1","42.9","66.7"
"Ekaterina Bychkova","3","0.61","0.32","1.91","51.8","64.3","36.4","50.9","69.2","57.1"
"Kayla Day","9","0.53","0.28","1.89","66.7","64.2","42.1","56.8","45.2","62.2"
"Clara Tauson","18","0.58","0.31","1.87","59.6","69.9","46.6","60.5","58","74.6"
"Ena Shibahara","10","0.43","0.23","1.87","64.2","69","45","60.4","61.1","70.9"
"Destanee Aiava","20","0.39","0.21","1.86","61.9","67.3","47.6","59.8","50","71.9"
"Dea Herdzelas","1","0.65","0.35","1.86","51.5","62.7","52.4","57.7","58.3","70.6"
"Coco Vandeweghe","82","0.67","0.36","1.86","55.5","74","51.4","64","55.6","79.9"
"Arantxa Parra Santonja","21","0.54","0.29","1.86","52.8","71","44.2","58.3","52.1","69.1"
"Abigail Spears","11","0.69","0.37","1.86","59.9","70.7","43.8","59.9","65.8","72.5"
"Priscilla Hon","31","0.47","0.26","1.81","62.5","67.6","46.5","59.7","60.1","72.8"
"Harmony Tan","16","0.27","0.15","1.8","60.7","64.9","46.8","57.8","59.7","68.4"
"Audrey Bergot","2","0.39","0.22","1.77","58.5","80","43.6","64.9","50","72.2"
"Taylor Townsend","19","0.37","0.21","1.76","66.2","63.1","48.7","58.2","57.1","68.4"
"Johanna Konta","73","0.44","0.25","1.76","65.7","69.1","48.7","62.1","61.7","78.6"
"Lucie Havlickova","1","0.7","0.4","1.75","66.7","72.5","20","55","33.3","60"
"Hina Inoue","2","0.67","0.39","1.72","60.8","73.7","32.7","57.6","64.7","66.7"
"Kaylah Mcphee","4","0.55","0.32","1.72","66.1","62.7","35.9","53.6","53.8","59.1"
"Linda Klimovicova","1","0.8","0.47","1.7","54.6","69.8","43.2","57.7","54.5","66.7"
"Anna Zaja","4","0.56","0.33","1.7","67.1","71.4","40.8","61.3","71.1","77.1"
"Caroline Wozniacki","77","0.27","0.16","1.69","71.1","67","48.3","61.6","58.9","75.2"
"Linda Noskova","21","0.57","0.34","1.68","62.6","72","46.5","62.5","59.9","77.5"
"Viktoria Hruncakova","28","0.57","0.34","1.68","59.4","70.5","49.3","61.9","61.3","76.8"
"Ivana Jorovic","6","0.48","0.29","1.66","60","62.3","45.6","55.6","56.7","62.3"
"Maria Kirilenko","30","0.33","0.2","1.65","69.4","65.5","50.6","60.9","55.2","73.7"
"Julia Goerges","42","0.56","0.34","1.65","59.8","71.8","46.9","61.8","64","77.9"
"Tatjana Maria","73","0.41","0.25","1.64","58.4","69.6","47.7","60.5","56.8","73.3"
"Lanlana Tararudee","5","0.29","0.18","1.61","61.7","67.4","50","60.7","58.6","75.5"
"Sophie Chang","3","0.45","0.28","1.61","64.6","63.1","41.8","55.6","50","58.6"
"Ekaterina Makarova","67","0.29","0.18","1.61","66.3","67.1","47.8","60.6","58.4","73.9"
"Alexandra Panova","4","0.59","0.37","1.59","61.3","68.6","48.8","61","72.5","77.6"
"Teliana Pereira","5","0.38","0.24","1.58","64.7","64.5","43.4","57","63.3","69"
"Lyudmyla Kichenok","5","0.52","0.33","1.58","62","74.4","52.5","66.1","61.9","86.2"
"An-Sophie Mestach","5","0.33","0.21","1.57","64.4","66.3","45.9","59","65.9","74.1"
"Yue Yuan","25","0.22","0.14","1.57","63.7","64.9","45.6","57.9","49.7","67.5"
"Tsvetana Pironkova","60","0.25","0.16","1.56","60.5","68.6","49.7","61.2","60.5","75.5"
"Alicia Molik","4","0.64","0.41","1.56","58.8","66","43","56.5","60.6","66.7"
"Carson Branstine","8","0.43","0.28","1.54","60.6","68","49.2","60.6","56.1","70.7"
"Ranah Akua Stoiber","6","0.29","0.19","1.53","54.3","63.7","43.1","54.3","58.1","60.8"
"Qiang Wang","16","0.23","0.15","1.53","63.5","63","47.3","57.3","62.9","68.9"
"Jocelyn Rae","4","0.76","0.5","1.52","57","67.7","32.7","52.6","54.3","52.9"
"Asia Muhammad","19","0.41","0.27","1.52","60.8","67.9","46.3","59.5","59.2","71.6"
"Yuliya Hatouka","4","0.51","0.34","1.5","64.3","59.3","48.9","55.6","56.8","61"
"Michaella Krajicek","15","0.63","0.42","1.5","60.6","70.5","44.7","60.3","54.4","74.4"
"Stefanie Voegele","34","0.31","0.21","1.48","60.7","66.2","43.4","57.2","54.7","67.7"
"Sabine Lisicki","70","0.65","0.44","1.48","57.2","72.7","44.7","60.7","61.2","75.5"
"Sonay Kartal","24","0.22","0.15","1.47","69.7","64.5","48.6","59.7","58.8","71.3"
"Daneika Borthwick","3","0.25","0.17","1.47","69.8","53.2","31.3","46.5","41.7","41.7"
"Ana Ivanovic","40","0.5","0.34","1.47","60.1","72","46.9","62","56.3","75.6"
"Ana Bogdan","35","0.25","0.17","1.47","64.7","65.3","51","60.2","62.7","74"
"Alison Van Uytvanck","60","0.35","0.24","1.46","63","66.9","45.3","58.9","58.7","71.1"
"Liudmila Samsonova","51","0.55","0.38","1.45","56.4","71.7","48.3","61.5","57.1","75.3"
"Miyu Kato","12","0.16","0.11","1.45","66.6","61.4","52.2","58.3","56.4","68.9"
"Gabriela Andrea Knutson","4","0.43","0.3","1.43","60.5","70.9","44.4","60.5","43.5","72.3"
"Diane Parry","27","0.43","0.3","1.43","58.2","71.4","49.3","62.2","62","74.3"
"Lucie Safarova","51","0.43","0.3","1.43","65.3","70","49","62.7","58.3","77.2"
"Ekaterina Alexandrova","57","0.61","0.43","1.42","59.3","72.5","46.4","61.9","60.5","76.9"
"Timea Babos","40","0.45","0.32","1.41","63.2","68.2","43.9","59.3","53.5","70.4"
"Natalie Grandin","4","0.31","0.22","1.41","64.8","55.6","45.5","52","47.9","56.9"
"Jarmila Wolfe","34","0.52","0.37","1.41","57.1","71.5","49.4","62","59.1","75.4"
"Alexa Glatch","7","0.48","0.34","1.41","58","64.4","44","55.9","52.5","61.6"
"Tereza Smitkova","21","0.49","0.35","1.4","56.9","70.6","48.1","60.9","61.1","75.5"
"Iga Swiatek","37","0.32","0.23","1.39","62.2","72.8","49.2","63.9","54.2","78.8"
"Kirsten Flipkens","90","0.32","0.23","1.39","62.9","67.3","47.7","60.1","55.1","73.6"
"Jamie Lee Hampton","13","0.32","0.23","1.39","59","65.1","51.1","59.4","56.3","71.4"
"Ekaterina Yashina","3","0.29","0.21","1.38","66.7","59.4","39.6","52.8","35.3","54.2"
"Andrea Hlavackova","42","0.4","0.29","1.38","64","67.4","49","60.8","58.2","73.7"
"Tathiana Garbin","3","0.26","0.19","1.37","65.7","66.1","40.4","57.2","56.5","63"
"Anett Kontaveit","38","0.38","0.28","1.36","63","68.2","47.6","60.6","59.3","73.6"
"Heather Watson","105","0.34","0.25","1.36","61.2","67","46","58.8","57.7","69.5"
"Karolina Sprem","9","0.57","0.42","1.36","57.1","74.1","45.5","61.8","54.4","77.2"
"Andrea Lazaro Garcia","3","0.23","0.17","1.35","64.2","69.6","36.4","57.7","51.9","62.9"
"Jesika Maleckova","2","0.27","0.2","1.35","56.1","55.2","36.8","47.1","67.9","40"
"Abbie Myers","1","0.31","0.23","1.35","68","62.7","54.2","60","37.5","61.5"
"Severine Beltrame","4","0.31","0.23","1.35","62.4","63","46.2","56.6","40","65.4"
"Petra Martic","55","0.42","0.31","1.35","60.9","68.8","49.4","61.2","58.8","75.7"
"Elitsa Kostova","6","0.27","0.2","1.35","64.7","61.7","46","56.1","47.4","64.3"
"Lucie Hradecka","13","0.51","0.38","1.34","54.8","71.5","47.6","60.7","52.9","73.2"
"Qinwen Zheng","15","0.6","0.45","1.33","52.6","74.8","41.3","58.9","57.8","70.8"
"Xinyu Gao","2","0.2","0.15","1.33","68.4","54.8","44.2","51.5","57.1","55"
"Erika Vogelsang","3","0.53","0.4","1.33","61.8","62.4","40.2","53.9","63.3","63.3"
"Venus Williams","53","0.4","0.3","1.33","63.2","70.9","48.4","62.6","59.5","77.3"
"Shuai Peng","34","0.24","0.18","1.33","66.7","65.5","50.8","60.6","62.5","74.4"
"Petra Kvitova","94","0.48","0.36","1.33","63.3","70.8","51.6","63.8","63.2","81.4"
"Karin Knapp","11","0.53","0.4","1.33","63","67.7","41.2","57.9","48.2","67.2"
"Heidi El Tabakh","1","0.4","0.3","1.33","57.1","52.8","40.7","47.6","25","40"
"Robin Montgomery","25","0.54","0.41","1.32","65.2","70.7","51.6","64.1","67.6","81.1"
"Cori Gauff","36","0.45","0.34","1.32","61.3","71.9","47.1","62.3","51.4","76"
"Kaja Juvan","26","0.29","0.22","1.32","62.2","66.5","51.9","60.9","54.3","73.8"
"Aryna Sabalenka","57","0.45","0.34","1.32","61.5","69.7","48.9","61.7","60.2","76.4"
"Vera Dushevina","19","0.29","0.22","1.32","67.1","61.9","49.1","57.7","57","70.1"
"Youlia Fedossova","2","0.46","0.35","1.31","47.6","70","50","59.5","55.6","69.2"
"Mandy Minella","22","0.26","0.2","1.3","64.2","62.1","45.7","56.3","53.3","65.2"
"Magdalena Frech","45","0.32","0.25","1.28","62.2","65.9","46.7","58.7","59.9","70.2"
"Naomi Cavaday","7","0.37","0.29","1.28","65.9","62.7","49.7","58.3","57.1","68.4"
"Jaimee Fourlis","13","0.14","0.11","1.27","74.5","60.8","51.4","58.4","54.2","66.9"
"Shelby Rogers","39","0.38","0.3","1.27","62.1","66.3","46.4","58.7","60.1","71.5"
"Maria Sakkari","52","0.39","0.31","1.26","58.8","68.4","48.4","60.2","59.1","73"
"Samantha Stosur","53","0.44","0.35","1.26","60","68.7","46.4","59.7","60.5","72.5"
"Marina Erakovic","43","0.4","0.32","1.25","65","69.3","46.6","61.3","62.6","75.4"
"Abigail Tere-Apisah","1","0.36","0.29","1.24","66.7","60.3","48.3","56.3","50","71.4"
"Jessica Ren","2","0.38","0.31","1.23","56.9","58.6","43.2","52","58.8","56.3"
"Garbine Muguruza","53","0.33","0.27","1.22","63.1","68.1","48.4","60.8","61.5","75.7"
"Maria Sanchez","11","0.33","0.27","1.22","66.4","67.3","45.6","60","55.4","73"
"Sarah van Emst","1","0.29","0.24","1.21","53.9","66.1","37.7","53","33.3","64.7"
"Daniela Seguel","2","0.35","0.29","1.21","54.1","63.9","36.1","51.1","52.9","52.9"
"Lulu Sun","20","0.36","0.3","1.2","59.7","68.9","49.6","61.1","60.1","75.4"
"Xiaodi You","2","0.24","0.2","1.2","59.7","63","37.1","52.6","47.6","56"
"Varvara Flink","8","0.24","0.2","1.2","64.6","63.7","47.6","58","63.6","68.9"
"Antonia Lottner","28","0.32","0.27","1.19","68.6","65.6","47.1","59.8","58","74.1"
"Justine Henin","9","0.43","0.36","1.19","60.5","77.1","51.5","67","60.5","83.3"
"Rosa Vicens Mas","4","0.39","0.33","1.18","62.7","53.2","35.7","46.7","41.2","39.4"
"Aleksandra Krunic","45","0.2","0.17","1.18","61","63.1","51.2","58.5","56.2","69.8"
"Roberta Vinci","48","0.26","0.22","1.18","60.7","67.1","47.9","59.6","58","72"
"Nastasja Schunk","7","0.27","0.23","1.17","68.7","65.3","51.4","61","57.8","73.2"
"Barbora Strycova","75","0.27","0.23","1.17","63.6","65.6","50.3","60","58.9","73.1"
"Aravane Rezai","17","0.48","0.41","1.17","60.3","69.5","45.9","60.1","56.2","71.7"
"Diana Shnaider","22","0.22","0.19","1.16","64.3","64.4","53.1","60.4","57.6","74.5"
"Cristiana Ferrando","3","0.43","0.37","1.16","57.3","66.7","45.9","57.8","47.6","63.3"
"Conny Perrin","15","0.37","0.32","1.16","61.8","65","45.7","57.6","59.2","68.4"
"Sloane Stephens","44","0.22","0.19","1.16","65.6","63.6","49.2","58.6","54.1","68.5"
"Amandine Hesse","6","0.51","0.44","1.16","51.3","64.6","39.4","52.3","46.9","55.9"
"Celine Naef","18","0.3","0.26","1.15","59.9","66.9","45.9","58.5","59.6","70.1"
"Chloe Paquet","13","0.46","0.4","1.15","56.5","66.2","49.6","59","59.6","69.4"
"Rosalie Van Der Hoek","2","0.47","0.41","1.15","50.4","73.8","32.8","53.5","69.6","58.8"
"Agnes Szavay","5","0.3","0.26","1.15","69","65.1","53","61.4","56.4","72.1"
"Kaia Kanepi","38","0.48","0.42","1.14","58.8","69.4","44","58.9","56.5","70.3"
"Jessica Moore","3","0.24","0.21","1.14","70.6","60.7","48.6","57.1","50","65.8"
"Jelena Jankovic","41","0.33","0.29","1.14","64.8","67.1","47","60","56.5","72.1"
"Talia Gibson","17","0.35","0.31","1.13","68.4","64.1","49.1","59.4","55.9","73.2"
"Magda Linette","54","0.34","0.3","1.13","61.8","66.2","47.3","59","60","72.1"
"Greta Arn","13","0.35","0.31","1.13","65","61.5","52.2","58.2","58.9","71.5"
"Bethanie Mattek-Sands","13","0.26","0.23","1.13","55.8","67.8","43.2","56.9","52.2","65.2"
"Julia Riera","5","0.41","0.37","1.11","60.9","59.3","41","52.2","47.4","56.5"
"Bernarda Pera","34","0.51","0.46","1.11","59.1","68.7","43.9","58.5","61","70.1"
"Jovana Jovic","5","0.39","0.35","1.11","56.9","67.4","46.7","58.5","52.6","64.7"
"Lindsay Lee-Waters","2","0.61","0.55","1.11","51.3","59.8","45.7","52.9","50","64.5"
"Amelie Mauresmo","6","0.61","0.55","1.11","57.9","69.3","52.6","62.3","57.9","77.5"
"Joanna Garland","7","0.23","0.21","1.1","66.8","64.5","48.7","59.3","55","74.6"
"Caroline Dolehide","30","0.32","0.29","1.1","66","62.4","49.3","57.9","53.2","68.6"
"Donna Vekic","90","0.43","0.39","1.1","58","71","47.6","61.2","55.6","75"
"Camilla Rosatello","2","0.57","0.52","1.1","43.8","102","50.8","73.2","50","65.2"
"Kayla Cross","2","0.48","0.44","1.09","57.5","69","45.9","59.2","64.7","76"
"Polina Kudermetova","8","0.48","0.44","1.09","58.9","68.7","38","56.1","59.4","63.6"
"Fanny Stollar","16","0.63","0.58","1.09","54.5","67.9","43.4","56.7","60.4","65.7"
"Shenay Perry","4","0.48","0.44","1.09","57.8","65.8","42.8","56.1","61","66.7"
"Amelia Rajecki","10","0.52","0.48","1.08","61.3","68.8","42.5","58.6","60","71.4"
"Alycia Parks","23","0.8","0.74","1.08","54.9","71.9","44.6","59.6","57","73.6"
"Ying-Ying Duan","14","0.26","0.24","1.08","71.6","66.1","47.3","60.7","62.2","75.8"
"Yaroslava Shvedova","41","0.39","0.36","1.08","62.2","67.5","46.6","59.6","54.5","71.8"
"Su Jeong Jang","7","0.32","0.3","1.07","66.1","71.2","52.5","64.9","50","66.7"
"Darja Semenistaja","8","0.18","0.17","1.06","56.2","63.2","44.6","55.1","60","63.2"
"Pauline Parmentier","22","0.33","0.31","1.06","58.2","68.5","43.1","57.9","47.7","66.1"
"Amra Sadikovic","8","0.36","0.34","1.06","62.3","63.2","45.2","56.4","50.9","67.4"
"Hailey Baptiste","12","0.4","0.38","1.05","54.8","67","49.6","59.1","57.3","71.3"
"Ana Konjuh","41","0.39","0.37","1.05","59.2","68.9","45.7","59.5","53","71.1"
"Anna-Lena Friedsam","27","0.39","0.37","1.05","63.4","69","46.2","60.7","58.7","73.3"
"Mihaela Buzarnescu","24","0.22","0.21","1.05","66","65.3","50.5","60.3","48.3","71.7"
"Ajla Tomljanovic","70","0.41","0.39","1.05","63.2","68.6","45.2","60","55.2","72.4"
"Claire Liu","22","0.26","0.25","1.04","66.6","64.8","45.6","58.4","59.4","68.9"
"Rebecca Sramkova","20","0.29","0.28","1.04","57.8","66.1","44.4","56.9","58.2","67.5"
"Laura Robson","35","0.52","0.5","1.04","60.8","71.9","41.6","60","59.3","72.1"
"Yanina Wickmayer","86","0.29","0.28","1.04","65.5","65.7","47.8","59.5","56.6","71.8"
"Sorana Cirstea","68","0.28","0.27","1.04","59.8","65.7","44.1","57","55.1","66.4"
"Emma Raducanu","28","0.32","0.31","1.03","66.4","64.4","46.5","58.4","62","68.9"
"Xinyu Wang","34","0.35","0.34","1.03","58.5","70.1","49.6","61.6","60.7","75.4"
"Petra Krejsova","7","0.45","0.44","1.02","61.6","70.3","49.2","62.2","64.2","74.7"
"Kristina Mladenovic","67","0.46","0.45","1.02","61","69.8","43.1","59.4","62.3","71.8"
"Mia Pohankova","1","0.3","0.3","1","54.3","70.5","40.5","56.8","72.7","70"
"Ayana Akli","1","0.1","0.1","1","71.6","58.3","57.9","58.2","57.1","70"
"Alina Korneeva","1","0.11","0.11","1","59.2","58.6","35","49","0","44.4"
"Hanne Vandewinkel","1","0.5","0.5","1","74.4","72.4","40","64.1","66.7","81.3"
"Olivia Lincer","1","0.25","0.25","1","67.1","68.6","40","59.2","72.7","75"
"Jana Kolodynska","1","0.14","0.14","1","69.8","43.3","38.5","41.9","42.9","42.9"
"Amarni Banks","11","0.35","0.35","1","66.9","65.7","47.8","59.8","57","70.2"
"Darja Vidmanova","1","0.14","0.14","1","61.7","41.4","27.8","36.2","33.3","14.3"
"Elsa Jacquemot","14","0.42","0.42","1","59.9","69","41.8","58.1","60.2","68.3"
"Ella Taylor","2","0.13","0.13","1","70.2","54","50","52.8","45","54.2"
"Yuki Naito","1","0.09","0.09","1","43.1","64.3","40.5","50.8","40","45.5"
"Manon Leonard","1","0.11","0.11","1","58.6","51.2","41.4","47.1","37.5","44.4"
"Lucia Bronzetti","19","0.25","0.25","1","57.9","64.9","45.9","56.9","51.5","65.2"
"Lara Salden","1","0.4","0.4","1","48.1","71.1","46.3","58.2","57.1","70"
"Sherazad Reix","1","0.4","0.4","1","73.2","63.3","45.5","58.5","77.8","80"
"Maddison Inglis","21","0.3","0.3","1","65.3","67.4","47.3","60.4","49.2","71.9"
"Iryna Shymanovich","5","0.2","0.2","1","55.2","63.4","48.2","56.6","60","59.3"
"Samantha Crawford","2","0.55","0.55","1","56.6","79","43.5","63.6","66.7","85"
"Lucy Brown","1","0.33","0.33","1","53.8","64.3","45.8","55.8","42.9","55.6"
"Elina Svitolina","54","0.26","0.26","1","63.9","66.1","45.7","58.7","52","69.5"
"Jessica Pegula","44","0.25","0.25","1","61.3","66.9","51.6","61","57.4","74.5"
"Ulrikke Eikeri","3","0.25","0.25","1","55.4","62.8","50","57.1","64.5","65.6"
"Akiko Omae","2","0.11","0.11","1","68.3","63.8","59.4","62.4","60","77.8"
"Shuai Zhang","65","0.19","0.19","1","67.2","63.5","46.4","57.9","52","68.1"
"Petra Rampre","1","0.31","0.31","1","59","60.9","40.6","52.6","45.5","53.8"
"Paula Goncalves","4","0.34","0.34","1","60.3","66.7","44.6","57.9","36.8","65.7"
"Oksana Kalashnikova","2","0.31","0.31","1","66.2","54.2","36.7","48.3","72.7","43.8"
"Nadiia Kichenok","8","0.19","0.19","1","71","69.7","42.4","61.8","55.6","78.5"
"Jingjing Lu","2","0.22","0.22","1","62.3","62.8","48.1","57.2","40","60.9"
"Alize Lim","1","0.2","0.2","1","65","56.7","41.7","51.5","41.7","53.3"
"Akiko Morigami","1","0.1","0.1","1","63","50","40.7","46.6","44.4","50"
"Katie Swan","28","0.39","0.4","0.98","59","66.9","42.5","56.9","52.1","66.8"
"Xiyu Wang","19","0.38","0.39","0.97","67","67.5","46.8","60.6","68.1","75.6"
"Paula Badosa","37","0.38","0.39","0.97","58.5","68.2","45.5","58.8","61.5","71"
"Francoise Abanda","7","0.28","0.29","0.97","66.9","63.4","49.7","58.8","63.5","73.6"
"Monica Puig","35","0.32","0.33","0.97","64","64.7","48.4","58.9","56.3","70.5"
"Flavia Pennetta","29","0.3","0.31","0.97","56.3","66.9","48","58.7","58.8","69.6"
"Eugenie Bouchard","46","0.25","0.26","0.96","62.2","65.6","48.5","59.1","55.1","70"
"Timea Bacsinszky","20","0.25","0.26","0.96","65.5","66.7","48.4","60.3","56.2","72.7"
"Na Li","37","0.22","0.23","0.96","68.6","66.4","51.7","61.8","57.7","76.3"
"Olga Danilovic","19","0.38","0.4","0.95","62.5","72.4","43.7","61.7","55.4","73.7"
"Jaqueline Cristian","13","0.39","0.41","0.95","56.7","61.7","41.9","53.1","56.2","57.8"
"Naiktha Bains","21","0.36","0.38","0.95","62","63.8","42.3","55.6","48.5","62.8"
"Katie Boulter","61","0.38","0.4","0.95","59.5","68.6","44.6","58.9","55.9","70.7"
"Leylah Annie Fernandez","25","0.3","0.32","0.94","65.9","67.3","49","61.1","62","75.4"
"Jil Teichmann","17","0.29","0.31","0.94","61.8","64","45","56.7","59","64.3"
"Irina Khromacheva","5","0.32","0.34","0.94","61.7","60.9","49.1","56.4","54.2","64.5"
"Svetlana Kuznetsova","43","0.29","0.31","0.94","64.6","64.8","47.1","58.6","51.4","68.8"
"Nina Bratchikova","8","0.32","0.34","0.94","59.6","62.6","44.5","55.3","49.3","63"
"Elena Vesnina","48","0.32","0.34","0.94","64.2","65.4","47.8","59.1","54.6","70.7"
"Mika Stojsavljevic","7","0.41","0.44","0.93","59.7","66","38.3","54.8","45","65.1"
"Susan Bandecchi","17","0.25","0.27","0.93","66.2","63.1","45.7","57.3","56.5","66.8"
"Sofia Arvidsson","11","0.13","0.14","0.93","66.4","54.7","44.7","51.3","44.6","53.2"
"Melinda Czink","17","0.38","0.41","0.93","62.5","67.8","47.7","60.2","57.7","74"
"Dalila Jakupovic","21","0.25","0.27","0.93","61.1","62.1","45.1","55.5","56.3","63.3"
"Anastasija Sevastova","43","0.25","0.27","0.93","60.2","64.5","48.7","58.2","60.2","67.6"
"Ann Li","20","0.24","0.26","0.92","59.8","61.6","46.9","55.7","53.5","63.9"
"Anna Bondar","9","0.35","0.38","0.92","53.5","71.4","41.9","57.7","62.7","68.4"
"Varvara Lepchenko","57","0.24","0.26","0.92","66.8","63.6","49.1","58.8","54.7","68.8"
"Lilia Osterloh","4","0.22","0.24","0.92","66.2","63.6","46.5","57.9","51.7","68.9"
"Panna Udvardy","14","0.31","0.34","0.91","63.3","64.7","45.6","57.7","55.9","67.1"
"Greetje Minnen","44","0.29","0.32","0.91","63.3","66.9","44.5","58.7","58.2","69.8"
"Aleksandra Wozniak","26","0.29","0.32","0.91","64.2","66","45.2","58.6","56.3","69.8"
"Mirra Andreeva","16","0.26","0.29","0.9","62.3","70.3","46","61.1","59.6","77"
"Ella Seidel","11","0.43","0.48","0.9","56","68.1","42.6","56.9","53.9","65.5"
"Alina Charaeva","2","0.45","0.5","0.9","67.3","67","42","58.8","76.2","75"
"Yulia Putintseva","48","0.19","0.21","0.9","67.2","62.4","49.1","58.1","55.2","68.6"
"Alla Kudryavtseva","39","0.27","0.3","0.9","62","63.7","44.3","56.3","55.8","64.6"
"Mira Antonitsch","1","0.5","0.56","0.89","58.9","69.7","30.4","53.6","50","62.5"
"Barbora Krejcikova","35","0.32","0.36","0.89","63.4","69","49.1","61.7","57.1","75.1"
"Tereza Martincova","57","0.16","0.18","0.89","73.1","65.1","48.4","60.6","59.6","72.6"
"Kiki Bertens","39","0.41","0.46","0.89","57.6","67.9","44.4","57.9","57.2","70"
"Simona Halep","63","0.25","0.28","0.89","64.3","67.6","49.9","61.3","57.7","75"
"Urszula Radwanska","47","0.17","0.19","0.89","64","61","45.8","55.6","51.3","62"
"Elena Baltacha","23","0.24","0.27","0.89","61.2","67.6","46.6","59.4","64.1","72.3"
"Daniela Hantuchova","49","0.24","0.27","0.89","66.9","64.8","47.7","59.1","56.5","71.8"
"Freya Christie","13","0.44","0.5","0.88","59.5","63.7","38.8","53.6","58.5","56.8"
"Maia Lumsden","6","0.37","0.42","0.88","56.9","57.6","43.5","51.5","50","52.3"
"Jamie Loeb","15","0.35","0.4","0.88","53.7","69.9","45.5","58.6","56.9","73.2"
"Sophie Ferguson","3","0.21","0.24","0.88","78.8","64","41.7","59.3","57.9","75.8"
"Polona Hercog","43","0.35","0.4","0.88","57","67.7","46.6","58.7","56","69.2"
"Mona Barthel","46","0.42","0.48","0.88","59.8","67.1","44.6","58.1","56.3","68.3"
"Nina Stojanovic","12","0.4","0.46","0.87","60.1","66.3","46.6","58.5","63","73.8"
"Virginie Razzano","20","0.2","0.23","0.87","69.8","63.9","47.6","59","61.1","69.3"
"Johanna Larsson","24","0.26","0.3","0.87","62.2","60.8","46.4","55.3","56.7","64.2"
"Erika Andreeva","12","0.25","0.29","0.86","59.8","63.3","46.5","56.5","55.4","65.1"
"Yulia Starodubtseva","15","0.12","0.14","0.86","65.9","61.3","48.2","56.8","50.9","64.7"
"Tamira Paszek","45","0.25","0.29","0.86","64.4","60.9","47.2","56","56.1","64.6"
"Marion Bartoli","38","0.3","0.35","0.86","61.8","70.7","48.7","62.3","57","77.5"
"Kim Clijsters","18","0.25","0.29","0.86","67.8","67.7","53.4","63.1","65.3","80.7"
"Eva Birnerova","3","0.18","0.21","0.86","67.2","64.5","59.3","62.8","68.4","84.2"
"Selena Janicijevic","5","0.28","0.33","0.85","66","67.7","42.5","59.1","39.1","64.1"
"Zoe Hives","4","0.17","0.2","0.85","58.8","62","44.8","54.9","65.6","68.6"
"Astra Sharma","21","0.28","0.33","0.85","65.1","62.5","46.1","56.7","56.1","65.9"
"Marie Bouzkova","37","0.16","0.19","0.84","68.9","61.1","50.8","57.9","53.6","70"
"Belinda Bencic","78","0.26","0.31","0.84","64.3","68.7","46.8","60.9","58.2","75"
"Stephanie Foretz","11","0.32","0.38","0.84","61","64.5","46.4","57.4","50","67.2"
"Nicole Vaidisova","3","0.43","0.51","0.84","56.5","68.3","36.4","54.5","56.3","60"
"Dayana Yastremska","43","0.38","0.46","0.83","59.1","64","49.6","58.1","58.7","68.6"
"Jodie Anna Burrage","34","0.35","0.42","0.83","59.4","66.3","42.9","56.8","55.8","66.8"
"Zhaoxuan Yang","2","0.25","0.3","0.83","64.7","46.5","46.8","46.6","52","40"
"Gail Brodsky","3","0.3","0.36","0.83","53.6","67.6","40.6","55.1","40.9","60.6"
"Angelique Kerber","102","0.19","0.23","0.83","67.1","67","50.6","61.6","60.3","75.7"
"Olga Savchuk","10","0.46","0.56","0.82","62.6","67.4","37.3","56.1","60.2","65.2"
"Kristina Barrois","12","0.28","0.34","0.82","64.3","64","43.8","56.8","54.4","68"
"Gabriela Dabrowski","16","0.28","0.34","0.82","64.3","61.9","41.6","54.7","47.2","59.6"
"Marina Stakusic","5","0.34","0.42","0.81","58.8","66.3","54.1","61.3","70","76"
"Francisca Jorge","1","0.29","0.36","0.81","61.2","58.7","40","51.5","50","57.1"
"Rebecca Peterson","18","0.25","0.31","0.81","66.3","62.9","44.1","56.6","53.7","64.9"
"Elise Mertens","67","0.34","0.42","0.81","59.4","66.8","74.9","70.1","58.7","70"
"Zarina Diyas","31","0.17","0.21","0.81","70.6","57.7","46.4","54.4","58.3","60.3"
"Renata Voracova","5","0.22","0.27","0.81","71.2","59.6","45.2","55.5","62.3","66.1"
"Myrtille Georges","4","0.21","0.26","0.81","55.8","66.4","54.2","61","60.7","73.8"
"Katarzyna Piter","6","0.26","0.32","0.81","64.4","64.6","42.7","56.8","62.7","66.7"
"Marta Kostyuk","30","0.32","0.4","0.8","60.7","65.4","44.1","57","51.9","67.6"
"Ellen Perez","14","0.35","0.44","0.8","59.4","66.7","47.2","58.8","65","72.4"
"Paula Ormaechea","10","0.24","0.3","0.8","64.4","65","41.5","56.6","52.9","64.6"
"Vera Zvonareva","37","0.24","0.3","0.8","67.5","67","48.1","60.8","56.6","74.3"
"Victoria Mboko","5","0.44","0.56","0.79","65.7","69.1","45.5","61","55.9","72.7"
"Beatrice Ricci","1","0.5","0.63","0.79","53.2","56","22.7","40.4","50","37.5"
"Victoria Azarenka","77","0.33","0.42","0.79","65.6","70.1","45.6","61.6","60.6","75.9"
"Romina Oprandi","15","0.15","0.19","0.79","65.6","59.7","44.6","54.5","41.7","59.7"
"Maria Sharapova","47","0.42","0.53","0.79","64.2","71.1","46.4","62.3","59.1","77"
"Andrea Petkovic","51","0.22","0.28","0.79","64.8","62.8","46.9","57.2","51.5","65.6"
"Anastasia Pavlyuchenkova","57","0.3","0.38","0.79","65","66.9","44.4","59","59.9","71.6"
"Mingge Xu","12","0.36","0.46","0.78","62.7","65.1","43.2","57","56.5","65.8"
"Valentina Ryser","9","0.4","0.51","0.78","59.2","67.2","45.4","58.3","67.1","70.7"
"Jule Niemeier","32","0.43","0.55","0.78","55.9","69.3","47.7","59.8","58.2","72.3"
"Tena Lukas","3","0.38","0.49","0.78","64.3","63.8","48.3","58.2","53.8","67.6"
"Kateryna Baindl","28","0.21","0.27","0.78","67.6","62","43.5","56","52.7","64.2"
"Mirjana Lucic-Baroni","45","0.38","0.49","0.78","57","69.7","44.4","58.8","57.1","71.9"
"Patricia Mayr-Achleitner","6","0.23","0.3","0.77","57.2","58.6","46.6","53.5","44.2","54.7"
"Nikola Hofmanova","2","0.33","0.43","0.77","65.1","70.7","51.5","64","44.4","83.3"
"Iveta Benesova","9","0.2","0.26","0.77","68.8","55.6","40.2","50.8","54.4","53.4"
"Barbora Palicova","4","0.19","0.25","0.76","68.3","63.4","47.5","58.3","61.9","69.8"
"Peyton Stearns","9","0.28","0.37","0.76","62.6","62.4","49.8","57.7","67.8","68.8"
"Marketa Vondrousova","35","0.31","0.41","0.76","61","66.5","47.1","59","61.3","71.4"
"Nao Hibino","21","0.19","0.25","0.76","66.9","60.6","47.3","56.2","56.5","65.4"
"Beatriz Haddad Maia","51","0.29","0.38","0.76","67.2","69.2","50","62.9","61","78.4"
"Deborah Chiesa","2","0.13","0.17","0.76","65.9","56.2","45.7","52.6","23.1","56.5"
"Margarita Betova","14","0.28","0.37","0.76","62.1","63.2","39.6","54.3","58.8","59.7"
"Olga Parres Azcoitia","1","0.38","0.5","0.76","55.8","44.8","43.5","44.2","54.5","37.5"
"Eri Hozumi","8","0.16","0.21","0.76","63.8","60.9","41.8","53.9","38.6","53.9"
"Sandra Zahlavova","12","0.16","0.21","0.76","65.6","62.1","46","56.6","50","66.4"
"Catalina Castano","2","0.19","0.25","0.76","54.9","60.7","54.3","57.8","42.9","75"
"Arantxa Rus","46","0.26","0.34","0.76","67.3","63.4","46.7","57.9","54","67.8"
"Ella Mcdonald","7","0.41","0.55","0.75","59.2","60.9","41.9","53.1","48.4","57.7"
"Linda Fruhvirtova","27","0.3","0.4","0.75","61.5","68","45.1","59.2","53.4","70.1"
"Bianca Andreescu","42","0.21","0.28","0.75","64.4","66.5","50","60.6","56.4","75.1"
"Lina Gjorcheska","2","0.41","0.55","0.75","60","68.9","41.7","58","61.5","77.3"
"Maryna Zanevska","14","0.38","0.51","0.75","62.2","66.8","39.1","56.3","51.5","68.2"
"Viktoriya Tomova","41","0.18","0.24","0.75","63.4","60.7","48","56","55.4","65.5"
"Nadiya Kolb","1","0.27","0.36","0.75","56.6","58.1","39.4","50","16.7","54.5"
"Alona Bondarenko","7","0.12","0.16","0.75","75.4","56.2","49.7","54.6","58","60.5"
"Alisa Kleybanova","7","0.3","0.4","0.75","56.1","64.4","44.5","55.7","52","61.9"
"Lena Papadakis","8","0.2","0.27","0.74","67.4","61.3","42.6","55.2","45.9","60.7"
"Natalija Stevanovic","19","0.29","0.39","0.74","56.8","63.2","47","56.2","55.5","66.8"
"Dinah Pfizenmaier","2","0.35","0.47","0.74","56.6","58","45.3","52.5","45.5","64.7"
"Casey Dellacqua","25","0.23","0.31","0.74","59.7","67.2","49","59.9","58.6","74.4"
"Alison Riske","97","0.23","0.31","0.74","68.6","65.9","48.7","60.5","59","74.7"
"Katie Volynets","26","0.11","0.15","0.73","78.6","58.3","44.6","55.4","52.8","60.8"
"Lizette Cabrera","21","0.19","0.26","0.73","64.8","58.6","45.2","53.9","55.4","58.9"
"Irina-Camelia Begu","36","0.29","0.4","0.73","62.6","64.3","41.3","55.7","49.5","64.1"
"Christina McHale","67","0.22","0.3","0.73","64.2","64.7","45.6","57.9","57.9","68.4"
"Sonja Zhenikhova","1","0.21","0.29","0.72","62.4","66.2","46.3","58.7","71.4","71.4"
"Nuria Brancaccio","4","0.33","0.46","0.72","65.4","58.1","37.4","51","56.8","51.3"
"Olivia Gadecki","21","0.33","0.46","0.72","58.6","67.9","48.6","59.9","49.3","68.8"
"Amanda Anisimova","37","0.26","0.36","0.72","65.3","65.6","48.3","59.6","59.4","72.1"
"Despina Papamichail","7","0.13","0.18","0.72","68.7","59.2","49.2","56","53.1","63.9"
"Tatiana Perebiynis","1","0.21","0.29","0.72","66.7","57.4","63","59.3","37.5","64.3"
"Carla Suarez Navarro","48","0.13","0.18","0.72","67.5","61.6","46.7","56.7","50.3","65.1"
"Elisabetta Cocciaretto","20","0.25","0.35","0.71","61.9","67.3","49.5","60.5","62.1","73.4"
"Kathinka Von Deichmann","13","0.27","0.38","0.71","67.8","61.8","46.3","56.8","57.5","67.4"
"Melanie South","14","0.29","0.41","0.71","61.9","65.4","44.4","57.4","47.3","66.7"
"Sijia Wei","6","0.23","0.33","0.7","63.6","59.8","48.4","55.6","56","63.3"
"Alana Smith","3","0.33","0.47","0.7","56.8","63.9","49.1","57.5","59.3","69.4"
"Emily Appleton","17","0.48","0.69","0.7","58.8","70.1","44.3","59.5","54.7","71.4"
"Julie Ditty","2","0.39","0.56","0.7","73.6","57.3","35.1","51.4","60.9","50"
"Alexandra Stevenson","3","0.43","0.61","0.7","52.8","69.2","47.3","58.9","66.7","78.6"
"Maria Timofeeva","4","0.29","0.42","0.69","65","57.9","44.3","53.2","50","55.6"
"Kateryna Volodko","36","0.24","0.35","0.69","65.7","66.3","41.8","57.9","56.4","68.1"
"Leonie Kung","6","0.21","0.31","0.68","66","60.2","47.7","56","35.3","62.1"
"Vera Lapko","9","0.3","0.44","0.68","57.7","63.1","46.7","56.2","61.5","63.7"
"Raluca Georgiana Serban","9","0.27","0.4","0.68","68.2","60.7","48.2","56.7","60.2","68.8"
"Mandy Wagemaker","2","0.32","0.47","0.68","49.6","70.5","43.5","56.9","62.5","68.4"
"Shengnan Sun","1","0.17","0.25","0.68","72","61","34.8","53.7","28.6","58.3"
"Ekaterine Gorgodze","5","0.19","0.28","0.68","71","62.9","40.2","56.3","58.3","68.1"
"Sayaka Ishii","5","0.2","0.3","0.67","60.3","58.7","43.6","52.7","49","53.7"
"Dominika Salkova","3","0.2","0.3","0.67","52.2","58.3","44.3","51.6","27.8","56.7"
"Anastasia Zakharova","15","0.2","0.3","0.67","60.9","62.1","50.8","57.7","57.2","68.4"
"Jana Fett","29","0.38","0.57","0.67","56.2","67","47.2","58.3","51.7","67.6"
"Kristie Ahn","24","0.12","0.18","0.67","67.3","62.9","49.2","58.4","50","68.9"
"Liga Dekmeijere","3","0.29","0.43","0.67","61.2","56.9","39.7","50.2","51.9","53.6"
"Anastasia Rodionova","27","0.24","0.36","0.67","63.5","61","43.2","54.5","55.1","62.2"
"Kimberly Birrell","28","0.23","0.35","0.66","64.6","68.1","43","59.2","59.1","72.1"
"Nigina Abduraimova","9","0.33","0.5","0.66","62.2","128.7","43.4","96.5","57.6","65.4"
"Emily Webley-Smith","13","0.29","0.44","0.66","52.9","65.2","38.6","52.7","47.5","56.9"
"Ashlyn Krueger","25","0.22","0.34","0.65","63.8","66.6","48.7","60.1","56.1","71.7"
"Veronika Erjavec","6","0.11","0.17","0.65","63.8","61.5","51","57.7","52.4","68.8"
"Cristina Bucsa","35","0.17","0.26","0.65","66.5","61.3","47.3","56.6","55.1","65.1"
"Victoria Duval","11","0.24","0.37","0.65","64.6","60.9","45.6","55.5","50.6","62.6"
"Aliaksandra Sasnovich","51","0.28","0.43","0.65","62.9","63","41.8","55.1","55.3","62.9"
"Yafan Wang","23","0.2","0.31","0.65","60.9","61.5","44.7","54.9","55.4","61.4"
"Anabel Medina Garrigues","19","0.15","0.23","0.65","67.9","63.4","47.2","58.2","50","67.5"
"Sahaja Yamalapalli","2","0.39","0.61","0.64","58.4","65.2","40.4","54.9","61.1","61.1"
"Zhuoxuan Bai","10","0.16","0.25","0.64","60.5","65","46.4","57.7","43.6","67.7"
"Yung-Jan Chan","12","0.23","0.36","0.64","67.6","61.2","40.4","54.5","53.7","62.7"
"Tatiana Poutchek","4","0.18","0.28","0.64","66.2","58.7","50","55.8","48.3","62.5"
"Irina Falconi","30","0.16","0.25","0.64","63.7","63.1","43.2","55.9","58.6","64.4"
"Katerina Siniakova","65","0.24","0.38","0.63","60.9","66.3","46.9","58.7","54.6","70.3"
"Jelena Ostapenko","78","0.35","0.56","0.63","58.9","62.8","44.7","55.3","57.2","69.6"
"Demi Schuurs","4","0.26","0.41","0.63","59.9","57","46.3","52.7","61.5","55.9"
"Valeria Savinykh","9","0.15","0.24","0.63","69.2","61.1","45.4","56.2","61.3","67.7"
"Karolina Wlodarczak","2","0.41","0.65","0.63","53.2","64.4","34.6","50.5","52.9","52.9"
"Tereza Valentova","3","0.21","0.34","0.62","58.4","60.4","48.1","55.3","48.1","63.2"
"Leolia Jeanjean","13","0.26","0.42","0.62","58.6","65.7","40.8","55.4","62.1","63.8"
"Oceane Dodin","23","0.41","0.66","0.62","55.6","71","45.4","59.7","58.2","72.6"
"Yuxuan Zhang","3","0.23","0.37","0.62","61.7","58","43.2","52.3","35","56.7"
"Misaki Doi","44","0.16","0.26","0.62","64.4","64.9","47.9","58.8","56.7","70.1"
"Shahar Peer","16","0.17","0.28","0.61","64.3","60.6","44.1","54.7","49.6","59.4"
"Estrella Cabeza Candela","3","0.2","0.33","0.61","68.2","55.5","34.4","48.8","34.6","43.3"
"Ayumi Morita","18","0.11","0.18","0.61","67","59","46.7","54.9","48.6","61.7"
"Elvina Kalieva","5","0.3","0.5","0.6","52.7","62.9","41.3","52.7","57.1","58"
"Jessica Pieri","5","0.06","0.1","0.6","67.8","56.4","56.3","56.4","43.3","64.6"
"Anna Kalinskaya","41","0.18","0.3","0.6","65.9","64","46.9","58.1","57.4","70.2"
"Marlies Szupper","1","0.38","0.63","0.6","59.2","48.3","40","44.9","37.5","37.5"
"Harriet Dart","57","0.21","0.35","0.6","57.8","64.4","46.8","57","56.8","66.3"
"Sachia Vickery","36","0.18","0.3","0.6","60.7","61.7","45.3","55.2","52.1","61.3"
"Danka Kovinic","10","0.31","0.52","0.6","53.1","66.6","40.5","54.3","52.9","59.6"
"Danielle Collins","23","0.25","0.42","0.6","57.9","65.1","45.9","57","55.4","66"
"Storm Hunter","14","0.15","0.25","0.6","65.9","61.9","49.2","57.6","47.3","66.4"
"Klaudia Jans-Ignacik","1","0.38","0.63","0.6","63.6","60","35","50.9","42.9","50"
"Elena Bogdan","1","0.38","0.63","0.6","51.1","66.7","34.8","51.1","50","50"
"Renata Jamrichova","4","0.26","0.44","0.59","66","70.9","41.9","61","58.8","74.1"
"Sinja Kraus","6","0.13","0.22","0.59","62.7","64.7","47.7","58.4","64","73.9"
"Ipek Soylu","5","0.17","0.29","0.59","66.1","63.8","51","59.5","55.9","68.8"
"Francesca Schiavone","52","0.29","0.49","0.59","55.6","67.2","46.6","58","58.4","69.2"
"Giorgia Pedone","3","0.14","0.24","0.58","69.4","49.3","40.7","46.6","30.4","44.8"
"Varvara Gracheva","18","0.15","0.26","0.58","63.2","62.6","46.4","56.6","59.6","65.8"
"Sofia Kenin","40","0.15","0.26","0.58","69.6","64.2","50.4","60","55.4","73.8"
"Dinara Safina","11","0.26","0.45","0.58","65.8","68.4","46.4","60.9","52.3","74.6"
"Alicja Rosolska","4","0.29","0.5","0.58","55.6","63.5","43","54.4","57.5","64.6"
"Clervie Ngounoue","1","0.27","0.47","0.57","58.3","71.4","42.5","59.4","0","73.3"
"Mccartney Kessler","14","0.16","0.28","0.57","58.2","71.6","49.9","62.5","55.4","72.9"
"Haley Giavara","2","0.16","0.28","0.57","63.8","71.1","38.2","59.2","61.1","72"
"Clara Burel","13","0.32","0.56","0.57","55.3","63.5","43.8","54.7","50.4","61.9"
"Jasmine Paolini","28","0.12","0.21","0.57","64.6","62.8","47.3","57.3","54","66.8"
"Elizaveta Kulichkova","15","0.3","0.53","0.57","57.1","71.5","49.2","62","61.1","76.1"
"Laura Deigman","2","0.2","0.35","0.57","68.1","53.3","48.8","51.9","47.1","55"
"Ysaline Bonaventure","28","0.32","0.56","0.57","58.9","67","47.2","58.9","55","68.6"
"Petra Cetkovska","23","0.25","0.44","0.57","63.1","66.6","44.3","58.4","56.1","70.8"
"Emerson Jones","3","0.18","0.32","0.56","67.2","63","43.5","56.6","59.1","67.9"
"Sara Saito","2","0.28","0.5","0.56","51.3","53.4","45.5","49.6","35.7","50"
"Iva Jovic","9","0.1","0.18","0.56","66.1","65.5","51.9","60.9","70.8","79.6"
"Julia Avdeeva","1","0.56","1","0.56","49.1","70.4","46.4","58.2","66.7","66.7"
"Anastasia Kulikova","3","0.32","0.57","0.56","55.1","60.8","48.2","55.1","64.3","64.3"
"Emiliana Arango","13","0.22","0.39","0.56","66.9","61.1","44.6","55.7","60.2","64.1"
"Suzan Lamens","15","0.24","0.43","0.56","62.4","63","41.9","55.1","48.8","62.3"
"Natalia Vikhlyantseva","23","0.22","0.39","0.56","61.9","67.3","47.9","59.9","62.3","75.4"
"Nadia Podoroska","16","0.23","0.41","0.56","62.8","62.4","47.4","56.8","49.5","67.5"
"Sarah Beth Grey","16","0.2","0.36","0.56","63.1","56.3","41.2","50.7","52.9","51.8"
"Fiona Ferro","17","0.18","0.32","0.56","59.7","63.2","41.6","54.5","52.7","63.7"
"Isabella Shinikova","15","0.25","0.45","0.56","58.4","62","42.4","53.9","57.3","59.9"
"Darija Jurak","2","0.28","0.5","0.56","62","52","43.5","48.8","43.8","50"
"Bojana Jovanovski","36","0.22","0.39","0.56","65.5","64.9","43.1","57.4","59.7","67.9"
"Catherine Bellis","5","0.17","0.31","0.55","63.4","66.2","39","56.2","50","63.5"
"Ankita Raina","21","0.06","0.11","0.55","74.8","58.8","49.4","56.4","58.4","66.5"
"Nathalie Dechy","3","0.17","0.31","0.55","69.7","66","40.6","58.3","50","72.2"
"Anastasiya Yakimova","7","0.17","0.31","0.55","61.4","67","42.3","57.5","40.9","63.9"
"Aliona Bolsova","6","0.15","0.28","0.54","63.8","62.2","41.9","54.8","55.4","58.2"
"Barbora Stefkova","6","0.15","0.28","0.54","68.5","63.6","44.3","57.5","52.9","68"
"Paula Kania-Chodun","6","0.15","0.28","0.54","64.3","61","46.4","55.8","61.7","61.7"
"Moyuka Uchijima","10","0.32","0.6","0.53","57.5","64.2","42.8","55.1","54.3","62.3"
"Kamilla Rakhimova","27","0.18","0.34","0.53","61.4","66","46","58.3","54.3","70.3"
"Anna Blinkova","45","0.24","0.45","0.53","60.8","62.8","45","55.8","55.2","63.7"
"Elena-Gabriela Ruse","37","0.27","0.51","0.53","57.5","67","45.3","57.8","56.6","68.7"
"Hanna Chang","5","0.2","0.38","0.53","55.2","64.8","42.8","54.9","55.4","58.3"
"Katy Dunne","18","0.19","0.36","0.53","62.5","60.3","46.2","55","55.6","61.3"
"Catherine Harrison","6","0.31","0.58","0.53","57.7","66.7","43.2","56.7","56.3","64.4"
"Eva Shaw","1","0.13","0.25","0.52","52.4","54.5","30","42.9","28.6","37.5"
"Jessica Bouzas Maneiro","13","0.24","0.46","0.52","62.7","66.7","42.2","57.6","48.2","67.6"
"Aleksandrina Naydenova","5","0.28","0.54","0.52","52.2","66.7","42.9","55.3","63.3","64"
"Sania Mirza","20","0.24","0.46","0.52","56.1","66","46","57.2","57.1","67.4"
"Samantha Murray","16","0.32","0.62","0.52","59.3","64.1","43.6","55.8","57","61.4"
"Sacha Jones","1","0.13","0.25","0.52","62.8","48.1","18.8","37.2","16.7","37.5"
"Hannah Klugman","7","0.29","0.57","0.51","58.5","60.4","28.8","47.3","35.2","44.4"
"Leyre Romero Gormaz","4","0.2","0.39","0.51","54.6","66.2","39.8","54.3","52.9","61"
"Anastasia Potapova","26","0.21","0.41","0.51","55.9","68.1","48.6","59.5","56","71.4"
"YeXin Ma","3","0.21","0.41","0.51","57.6","56.8","42.3","50.7","36","52.9"
"Ekaterina Kazionova","1","0.38","0.75","0.51","58.2","62.5","26.1","47.3","63.6","50"
"Raluca Olaru","5","0.22","0.43","0.51","61.5","62.7","43.5","55.3","62.3","60.8"
"Katarzyna Kawa","26","0.21","0.41","0.51","57.1","61.9","46.3","55.2","59.7","64.8"
"Jelena Dokic","7","0.33","0.65","0.51","58","71.8","49.1","62.3","56.4","78.2"
"Alize Cornet","70","0.18","0.35","0.51","63.7","65.7","45.9","58.5","54.9","68.4"
"Loes Ebeling Koning","1","0.22","0.44","0.5","62.5","54.3","33.3","46.4","44.4","44.4"
"Jazmin Ortenzi","1","0.11","0.22","0.5","71.2","54.1","40","50","20","55.6"
"Elizabeth Mandlik","15","0.15","0.3","0.5","57.5","65","49.5","58.4","42.1","69.4"
"Merel Hoedt","1","0.22","0.44","0.5","61.7","55.2","61.1","57.4","40","66.7"
"Guiomar Maristany Zuleta De Reales","1","0.07","0.14","0.5","71.9","63.8","33.3","55.2","64.3","64.3"
"Tamara Zidansek","21","0.13","0.26","0.5","65","59.8","43.3","54","45.9","58.5"
"Martina Capurro Taborda","1","0.1","0.2","0.5","73.7","60.7","55","59.2","71.4","80"
"Luksika Kumkhum","12","0.17","0.34","0.5","62.9","62.1","45.5","55.9","49.4","65.5"
"Lin Zhu","30","0.11","0.22","0.5","65.5","61.7","46.5","56.5","54.8","64.6"
"Stephanie Dubois","13","0.09","0.18","0.5","69.1","60.8","43.1","55.4","48.7","60.9"
"Sesil Karatantcheva","20","0.19","0.38","0.5","65.8","63.9","45.3","57.5","58.1","69"
"Raquel Kops-Jones","5","0.12","0.24","0.5","65.6","54.5","48.4","52.4","54.2","56"
"Olivia Sanchez","1","0.25","0.5","0.5","61","73.4","36.6","59","44.4","68.8"
"Nuria Parrizas-Diaz","14","0.12","0.24","0.5","68.5","58.9","47.6","55.4","52.5","62.7"
"Lara Arruabarrena","21","0.15","0.3","0.5","58.6","65.6","44.1","56.7","53.3","63.9"
"Anna Tatishvili","25","0.16","0.32","0.5","65.2","61.4","43.7","55.2","47.2","62.2"
"Maya Joint","9","0.17","0.35","0.49","58.9","62.6","43.6","54.8","52.4","62.9"
"Arianne Hartono","13","0.29","0.59","0.49","57.6","66.7","42.9","56.6","61","67.3"
"Simona Waltert","12","0.21","0.43","0.49","61.1","63.1","45.5","56.2","54.9","65.2"
"Carol Zhao","19","0.21","0.43","0.49","71.9","65.5","43.4","59.3","57","70.7"
"Daria Saville","53","0.25","0.51","0.49","62.6","63.6","43.2","56","58.7","64.6"
"Elina Avanesyan","17","0.11","0.23","0.48","70.2","61.1","44.9","56.3","63.4","69.4"
"Lauren Davis","69","0.15","0.31","0.48","62.4","63.1","45.2","56.3","50","63.2"
"Nicole Gibbs","10","0.16","0.33","0.48","61.4","62.6","39.4","53.7","45.3","57.7"
"Vania King","17","0.07","0.15","0.47","70.1","59.4","48.6","56.2","55.7","65.7"
"Sybille Bammer","7","0.16","0.34","0.47","67.2","52.9","41.7","49.2","45.6","47.1"
"Anna Chakvetadze","12","0.16","0.34","0.47","65.4","62.4","40.2","54.7","53.2","62.9"
"Oksana Selekhmeteva","4","0.13","0.29","0.45","72.4","58.7","51.9","56.8","54.5","66.7"
"Arina Rodionova","38","0.14","0.31","0.45","66","62.1","45","56.3","52.7","63.9"
"Solana Sierra","8","0.23","0.52","0.44","63.9","66","47.9","59.5","63.8","73.4"
"Eva Lys","15","0.14","0.32","0.44","67.7","62.2","43.8","56.3","51.3","65.2"
"Francesca Jones","15","0.21","0.48","0.44","60.5","65.4","41.2","55.9","58.8","61.6"
"Carole Monnet","5","0.25","0.57","0.44","63.8","58.5","41.3","52.3","50","54.5"
"Shuyue Ma","2","0.22","0.5","0.44","56.1","56.3","50","53.5","55.6","55.6"
"Richel Hogenkamp","21","0.14","0.32","0.44","62.1","59.5","51.1","56.3","49","65.2"
"Silvia Soler-Espinosa","15","0.14","0.32","0.44","60.5","64.4","40.2","54.8","50.4","62.9"
"Melanie Oudin","25","0.11","0.25","0.44","68.6","62.1","45.6","56.9","55.1","66.5"
"Gisela Dulko","5","0.18","0.41","0.44","59.9","64.2","44.7","56.4","65.4","67.9"
"Georgie Gent","3","0.22","0.5","0.44","55","67.5","54.4","61.6","58.8","80.6"
"Alexandra Dulgheru","21","0.16","0.36","0.44","69.4","62","44.1","56.5","49","65.1"
"Matilde Paoletti","1","0.2","0.47","0.43","63.4","49.3","53.7","50.9","70.8","53.3"
"Caty McNally","37","0.18","0.42","0.43","66.4","62.5","47.1","57.3","54.5","66.8"
"Maja Chwalinska","8","0.06","0.14","0.43","71.8","62.5","46","57.9","53.8","68.4"
"Lucrezia Stefanini","27","0.09","0.21","0.43","74.8","55.9","45.1","53.2","55.1","58"
"Anhelina Kalinina","29","0.18","0.42","0.43","59.8","65.1","46.5","57.6","50.5","65.9"
"Xinyun Han","9","0.15","0.35","0.43","63.5","54.7","37","48.3","42.7","46.3"
"Camila Giorgi","80","0.32","0.74","0.43","53.6","69.4","46.9","58.9","56.8","71.1"
"Bibiane Schoofs","8","0.17","0.4","0.43","67","58.3","40.5","52.4","58.2","56.8"
"Anna-Lena Groenefeld","3","0.3","0.7","0.43","54","55","36.6","46.5","45.2","37"
"Anastasiya Vasylyeva","1","0.2","0.47","0.43","60","63.3","40","54","66.7","66.7"
"Aiko Nakamura","1","0.23","0.54","0.43","57.3","65.1","31.3","50.7","33.3","53.8"
"Alexandra Eala","23","0.1","0.24","0.42","66.2","59","50.6","56.2","50.5","63.4"
"Miriam Kolodziejova","1","0.33","0.78","0.42","55.6","54","32.5","44.4","70","33.3"
"Laura Pigossi","6","0.11","0.26","0.42","67","57.3","43.2","52.6","53.9","52.1"
"Tara Moore","36","0.23","0.55","0.42","57.7","64.8","43.7","55.9","58","64.1"
"Sandra Zaniewska","4","0.14","0.33","0.42","69.4","58.8","50","56.1","45.5","64.7"
"Maria Joao Koehler","4","0.24","0.57","0.42","63.9","59.9","33.3","50.3","46.7","47.8"
"Annelin Bakker","1","0.29","0.71","0.41","62.7","63.5","47.7","57.6","82.4","78.6"
"Anna Karolina Schmiedlova","19","0.18","0.44","0.41","60.4","62.1","39.7","53.2","51.4","58.7"
"Carina Witthoeft","21","0.19","0.46","0.41","64.1","64.7","44.2","57.4","57.6","68.8"
"Regina Kulikova","7","0.11","0.27","0.41","65.6","60.8","49.3","56.9","58.5","66.7"
"Olga Govortsova","37","0.14","0.34","0.41","64.8","62.3","46.7","56.8","51.3","65.7"
"Monica Niculescu","39","0.07","0.17","0.41","74.2","57","44.9","53.9","53.7","58.7"
"Daria Snigur","23","0.08","0.2","0.4","75.2","59.2","47.1","56.2","53.3","64.1"
"Noa Liauw A Fong","1","0.18","0.45","0.4","57.5","60.9","44.1","53.8","66.7","63.6"
"Mananchaya Sawangkaew","1","0.17","0.42","0.4","60","56.3","28.1","45","33.3","33.3"
"Emma Navarro","26","0.08","0.2","0.4","67","63.2","51.8","59.4","59.7","72.3"
"Lena Rueffer","1","0.25","0.63","0.4","77.8","51.4","50","51.1","50","50"
"Julia Grabher","6","0.21","0.52","0.4","60.1","63.3","50.7","58.3","52.9","72.4"
"Louisa Chirico","11","0.23","0.57","0.4","56","61.9","42.6","53.4","53.7","56.5"
"Mariana Duque-Marino","26","0.17","0.43","0.4","61.5","62","45.7","55.7","54.5","63.5"
"Evgeniya Rodina","33","0.12","0.3","0.4","69.3","61.2","43.2","55.7","55.4","64.8"
"Victoria Jimenez Kasintseva","6","0.11","0.28","0.39","67.7","59.1","46.7","55.1","52.6","62.5"
"En Shuo Liang","6","0.12","0.31","0.39","64.7","59.4","47.3","55.1","55.9","61.2"
"Ipek Oz","3","0.09","0.23","0.39","67.5","61.5","53.8","59","50","65.7"
"Daria Kasatkina","59","0.18","0.46","0.39","64.7","63.1","43.2","56.1","54.7","64.4"
"Allie Kiick","2","0.14","0.36","0.39","65.7","52.3","34.8","46.3","36.8","45.5"
"Saisai Zheng","25","0.09","0.23","0.39","63.1","58.4","41.8","52.3","51.3","55.6"
"Laura-Ioana Paar","1","0.14","0.36","0.39","64.9","59","42.4","53.2","54.5","64.3"
"Virginia Ruano Pascual","1","0.13","0.33","0.39","67.5","49.4","47.4","48.7","52.9","46.7"
"Noppawan Lertcheewakarn","6","0.14","0.36","0.39","61.2","62.2","43.3","54.8","50.9","59.4"
"Mariya Koryttseva","5","0.19","0.49","0.39","63.2","60.4","34.1","50.7","42.2","50.9"
"Kurumi Nara","40","0.07","0.18","0.39","69.1","56.8","46.4","53.6","52.1","57.4"
"Jia-Jing Lu","3","0.07","0.18","0.39","60.6","55.3","42.5","50.2","60.6","53.6"
"Edina Gallovits-Hall","11","0.11","0.28","0.39","61.2","61.1","40.6","53.1","52.7","57.7"
"Anne Keothavong","21","0.16","0.41","0.39","59.8","58.2","44.6","52.7","55.6","57.8"
"Sara Bejlek","5","0.09","0.24","0.38","70.4","60.2","41.8","54.7","45","62.1"
"Ingrid Neel","2","0.15","0.4","0.38","69.5","52.4","45.7","50.3","47.1","55"
"Tamara Korpatsch","33","0.15","0.4","0.38","59.3","61.4","42.9","53.9","53.2","59.1"
"Denisa Satralova","14","0.16","0.42","0.38","65.1","62.9","44.8","56.6","49","62.3"
"Laura Siegemund","29","0.08","0.21","0.38","71.5","61.8","51.1","58.8","58.3","71"
"Jasmin Woehr","1","0.45","1.18","0.38","52.3","73.3","29.3","52.3","66.7","63.6"
"Fang Ying Xun","2","0.27","0.73","0.37","65.1","53.6","27","44.3","28.6","33.3"
"Barbara Haas","10","0.14","0.38","0.37","66.1","62.3","44.8","56.3","57.5","67.8"
"Lesley Kerkhove","31","0.15","0.41","0.37","64.2","65.2","43.1","57.2","52.9","67"
"Vladimira Uhlirova","2","0.21","0.57","0.37","49","52","34.6","43.1","50","28.6"
"Rika Fujiwara","4","0.11","0.3","0.37","63.8","61.8","47.2","56.5","61.1","70.2"
"Lesia Tsurenko","61","0.14","0.38","0.37","65.3","61.3","47.1","56.4","57.3","65.8"
"Laura Pous-Tio","3","0.21","0.57","0.37","58.2","55.7","34.2","46.7","51.4","39.3"
"Daniella Jeflea","1","0.33","0.89","0.37","43.9","80","37.5","56.1","40","66.7"
"Kristina Dmitruk","4","0.12","0.33","0.36","66.3","59.3","45.9","54.8","42.3","64.3"
"Indy De Vroome","11","0.38","1.07","0.36","56.9","66.7","30.4","51","52","51.5"
"Annika Beck","16","0.09","0.25","0.36","71.9","54.3","44.6","51.6","51.6","54.3"
"Yuliya Beygelzimer","11","0.05","0.14","0.36","68.9","64.2","47.6","59","64.4","73.7"
"Veronica Cepede","23","0.1","0.28","0.36","66.6","61.3","47.2","56.6","58","65.6"
"Su-Wei Hsieh","54","0.09","0.25","0.36","66","62.1","46.1","56.6","52.7","65.5"
"Klara Koukalova","41","0.16","0.45","0.36","57.1","63.8","43.2","55","53.6","61.3"
"Kai-Chen Chang","10","0.16","0.45","0.36","59.5","61","44.2","54.2","56","60.4"
"Julia Boserup","12","0.16","0.44","0.36","64.3","65.6","45.4","58.4","61.1","68.9"
"Elena Dementieva","8","0.25","0.7","0.36","58.8","73.8","48.5","63.4","60.5","79"
"Noma Noha Akugue","7","0.25","0.72","0.35","56.7","62.4","38.5","52.1","50.9","56.7"
"Sabina Sharipova","4","0.12","0.34","0.35","60.2","60.6","47.8","55.5","60.4","62"
"Tamarine Tanasugarn","19","0.11","0.31","0.35","66.6","63.4","49.5","58.8","62.9","71.8"
"Jill Craybas","13","0.09","0.26","0.35","66.9","60.7","40.4","54","54.5","59.4"
"Usue Maitane Arconada","1","0.17","0.5","0.34","56.4","40.9","29.4","35.9","44.4","16.7"
"Yvonne Cavalle-Reimers","1","0.13","0.38","0.34","57.4","54.8","26.1","42.6","37.5","37.5"
"Jana Cepelova","32","0.1","0.29","0.34","65","59.9","45.9","55","54.3","62.7"
"Ai Sugiyama","4","0.13","0.38","0.34","66.6","64.1","47.6","58.6","55.9","68.1"
"Daniela Piani","1","0.18","0.55","0.33","64","64.6","51.9","60","50","81.8"
"Camila Osorio","25","0.15","0.45","0.33","64.3","61.3","43","54.7","47.8","59.4"
"Justina Mikulskyte","4","0.11","0.33","0.33","59.9","54","32.3","45.3","51","33.3"
"Alice Robbe","1","0.15","0.46","0.33","57.4","56.9","46.5","52.5","72.2","61.5"
"Kelly Versteeg","2","0.2","0.6","0.33","57.9","64.9","25","48.1","45","45"
"Risa Ozaki","12","0.05","0.15","0.33","73.8","59","46.3","55.7","53.1","62"
"Manisha Foster","1","0.14","0.43","0.33","50","61.5","23.1","42.3","61.5","28.6"
"Grace Min","18","0.08","0.24","0.33","69.2","57.8","47.3","54.6","54.5","60.6"
"Maria-Teresa Torro-Flor","4","0.14","0.43","0.33","56.8","62.3","44.6","54.6","50","61.4"
"Jennifer Elie","1","0.1","0.3","0.33","64","62.5","37","53.3","63.6","60"
"Hao-Ching Chan","1","0.14","0.43","0.33","52.4","45.5","20","33.3","16.7","28.6"
"Anastasia Pivovarova","4","0.15","0.46","0.33","67.5","60.1","46.6","55.7","60.6","66.7"
"Ekatarina Makarova","5","0.09","0.28","0.32","67.9","57.2","44.4","53.1","53.8","58.6"
"Anna Brogan","4","0.09","0.28","0.32","66.7","62.5","49.1","58","65.9","69.6"
"Eden Silva","28","0.09","0.28","0.32","64.4","59.9","45.5","54.8","51.7","62.6"
"Lourdes Dominguez Lino","14","0.08","0.25","0.32","56.1","62.3","41.4","53.1","46.2","56.2"
"Federica Di Sarra","3","0.2","0.63","0.32","61.8","67.9","42.2","58.1","52","65.7"
"Dominika Cibulkova","60","0.11","0.34","0.32","66","64.4","45.2","57.9","55.8","68.7"
"Yuriko Miyazaki","18","0.1","0.32","0.31","64.3","59.9","46.2","55","56.1","62"
"Vesna Dolonc","15","0.1","0.32","0.31","68.1","60.4","45.3","55.6","47.9","62.9"
"Mara Guth","4","0.16","0.54","0.3","63.8","51","35.6","45.4","48.8","43.2"
"Maria Carle","8","0.1","0.33","0.3","69.7","57.2","38.9","51.6","49.4","56"
"Lea Boskovic","5","0.06","0.2","0.3","69.9","61","35.6","53.3","59.2","60"
"Dewi Dijkman","1","0.38","1.25","0.3","51","50","40","45.1","50","37.5"
"Miriam Bianca Bulgaru","2","0.13","0.44","0.3","59.1","50.7","40.4","46.5","61.5","37.5"
"Sviatlana Pirazhenka","3","0.08","0.27","0.3","70","62.2","44.2","56.8","55.6","67.6"
"Kai-Lin Zhang","6","0.13","0.43","0.3","62.4","61.9","46.5","56.1","60","61.7"
"Antonia Ruzic","9","0.09","0.31","0.29","64.3","62.7","47.6","57.3","46.4","64.1"
"Anastasia Tikhonova","5","0.19","0.66","0.29","55.9","64","49","57.4","43.8","66"
"Whitney Osuigwe","5","0.09","0.31","0.29","64.8","60.3","37.7","52.3","49","53.7"
"Viktorija Golubic","64","0.07","0.24","0.29","68.5","62.4","46","57.3","55.7","67.1"
"Madison Brengle","39","0.06","0.21","0.29","74","57.2","45.2","54.1","49.6","59.7"
"Eleni Daniilidou","16","0.2","0.68","0.29","63.1","61.9","43.9","55.3","54.8","60.7"
"Alberta Brianti","10","0.08","0.28","0.29","65.5","61.6","40.6","54.3","54.7","61.4"
"Julia Stusek","2","0.21","0.74","0.28","54","65.7","42.1","54.8","50","63.2"
"Brenda Fruhvirtova","5","0.13","0.46","0.28","64.2","60.4","42.7","54.1","60","61.5"
"Julia Middendorf","2","0.18","0.65","0.28","53.1","63.3","41.5","53.1","46.2","58.8"
"Sara Sorribes Tormo","29","0.11","0.39","0.28","62.5","59.2","44.8","53.8","51.4","59"
"Kimiko Date","20","0.07","0.25","0.28","68.3","59.6","47.5","55.8","53.8","62.7"
"Yvonne Meusburger","6","0.05","0.18","0.28","72.4","53.5","37.5","49.1","46.4","45.5"
"Gabriella Taylor","7","0.17","0.63","0.27","61.7","58.9","45.8","53.9","53.5","56"
"Renata Zarazua","14","0.06","0.22","0.27","68.9","63.8","48.7","59.1","63.9","72.9"
"Gabriela Lee","5","0.09","0.33","0.27","66.5","57.1","46.5","53.6","54.5","54.5"
"Yi-Fan Xu","5","0.15","0.56","0.27","60.4","53.4","42.6","49.1","50.9","41.7"
"Ylena In-Albon","7","0.05","0.19","0.26","64.2","59.8","46.8","55.2","38.2","66.7"
"Sharon Fichman","5","0.06","0.23","0.26","62.3","63.6","39.8","54.7","51.2","56.3"
"Marie-Eve Pelletier","2","0.1","0.38","0.26","65.9","54.1","36.4","48.1","31.3","47.6"
"Jie Zheng","37","0.05","0.19","0.26","71.6","62.4","48.2","58.3","60.3","68.7"
"Cristina Dinu","1","0.13","0.5","0.26","62.1","52.8","27.3","43.1","62.5","25"
"Chen Liang","2","0.12","0.47","0.26","50.4","59","55","57","62.5","64.7"
"Anastasiya Konstantinovna Soboleva","1","0.11","0.44","0.25","55","69.7","37","55","42.9","55.6"
"Anica Stabel","1","0.14","0.57","0.25","59.1","42.3","38.9","40.9","44.4","28.6"
"Patricia Maria Tig","9","0.15","0.59","0.25","60.2","64.9","44.3","56.7","62.9","68.3"
"Nuria Llagostera Vives","2","0.1","0.4","0.25","53.7","68.4","29.4","50.3","64.3","50"
"Mallory Burdette","2","0.11","0.44","0.25","69.9","52.3","41.1","48.9","51.7","48.1"
"Joanne Zuger","3","0.18","0.74","0.24","59","66.9","43.7","57.4","58.3","70.6"
"Himeno Sakatsume","1","0.06","0.25","0.24","80.7","55.7","42.9","53.2","46.2","56.3"
"Anastasia Gasanova","8","0.16","0.66","0.24","65.9","59.2","46","54.7","57.1","63.7"
"Shilin Xu","2","0.08","0.33","0.24","70.7","54.3","52.1","53.7","63","58.3"
"Mayo Hibi","6","0.05","0.21","0.24","74.1","53.6","40.6","50.3","46.2","54.1"
"Na-Lae Han","5","0.07","0.29","0.24","70","59.6","44.9","55.2","52.4","66.1"
"Montserrat Gonzalez","2","0.04","0.17","0.24","67.8","52.5","44.8","50","51.9","45.8"
"Kristina Kucova","14","0.08","0.34","0.24","65.6","57.6","43.8","52.9","48.8","56.6"
"Julia Glushko","10","0.1","0.41","0.24","61.2","61","43.3","54.2","52.1","61.1"
"Giulia Gatto-Monticone","12","0.09","0.38","0.24","65.8","61.5","44.9","55.9","52.9","62.4"
"Caitlin Whoriskey","2","0.07","0.29","0.24","63.9","35.8","53.3","42.2","37.5","28.6"
"Cagla Buyukakcay","12","0.04","0.17","0.24","73.3","55.5","42.7","52.1","58.5","55.7"
"Aliona Falei","2","0.18","0.77","0.23","65.5","62.5","28.8","50.9","50","54.5"
"Shuko Aoyama","10","0.11","0.47","0.23","65.4","59.1","43","53.5","50","57.6"
"Mathilde Johansson","10","0.1","0.44","0.23","68.3","63.4","41.7","56.5","54.9","64.7"
"Talia Neilson Gatenby","1","0.25","1.13","0.22","30.2","69.2","36.7","46.5","28.6","37.5"
"Petra Marcinko","2","0.13","0.58","0.22","65.5","62.6","27.1","50.4","42.9","50"
"Anouk Koevermans","5","0.13","0.6","0.22","50.2","87.2","33.3","60.4","53.1","51.1"
"Valentini Grammatikopoulou","11","0.1","0.46","0.22","58.3","60.8","42.4","53.1","45","59.3"
"Emma Devine","1","0.29","1.29","0.22","39","65.2","22.2","39","57.1","14.3"
"Polina Monova","3","0.1","0.45","0.22","70.5","52.3","45.3","50.2","53.1","51.6"
"Vitalia Diatchenko","25","0.1","0.45","0.22","61.7","66.1","43.4","57.4","58.3","66.8"
"Katie O'Brien","9","0.14","0.63","0.22","62.3","60","39.2","52.1","46.2","55"
"Chanelle Scheepers","13","0.08","0.37","0.22","63.9","58.6","44.6","53.6","47.7","57.4"
"Kyoka Okamura","2","0.06","0.28","0.21","70.6","61.1","46.7","56.9","42.9","55.6"
"Patty Schnyder","3","0.12","0.56","0.21","62.6","56.7","41.4","51","27.8","48"
"Natasha Starling","1","0.13","0.63","0.21","59.3","53.1","31.8","44.4","28.6","37.5"
"Petra Hule","1","0.2","1","0.2","49.1","60.7","27.6","43.9","22.2","30"
"Alicia Barnett","1","0.14","0.71","0.2","60.5","43.5","33.3","39.5","28.6","28.6"
"Nicole Melichar-Martinez","1","0.11","0.56","0.2","70.1","61.7","40","55.2","66.7","66.7"
"Ksenia Pervak","9","0.08","0.41","0.2","61.6","60.1","52.9","57.4","53.2","64.7"
"Lisa Pigato","3","0.09","0.47","0.19","68.1","57.2","38.2","51.2","54.5","53.1"
"Sabrina Bamburac","2","0.2","1.07","0.19","46.9","53.3","25.5","38.5","42.9","20"
"Rossana De Los Rios","3","0.06","0.32","0.19","63.5","59.7","46.3","54.8","53.6","61.8"
"Maria Elena Camerin","8","0.11","0.59","0.19","59.7","61.2","34.4","50.4","50.6","51.8"
"Isabelle Lacy","1","0.2","1.1","0.18","55.9","72.7","34.6","55.9","57.1","70"
"Danielle Lao","20","0.05","0.28","0.18","71.1","60.8","48.5","57.2","54.4","65.6"
"Alexandra Ignatik","14","0.07","0.38","0.18","71.4","60.6","41.4","55.1","51.3","61.8"
"Melania Delai","1","0.1","0.6","0.17","64.7","54.5","41.7","50","63.6","60"
"Alice Gillan","1","0.13","0.75","0.17","55.4","58.1","32","46.4","58.3","37.5"
"Olga Puchkova","7","0.11","0.65","0.17","62.4","63.3","36","53.1","42","59.2"
"Nicola Geuer","1","0.13","0.75","0.17","57.6","61.8","24","45.8","28.6","37.5"
"Michelle Larcher de Brito","37","0.06","0.36","0.17","66","60.4","47.6","56","55.6","64.6"
"Daniela Vismane","2","0.05","0.32","0.16","69.7","65.9","27","54.1","50","63.2"
"Anna Siskova","2","0.08","0.5","0.16","66.9","59.5","34.5","51.2","55.6","50"
"Ayano Shimizu","3","0.03","0.19","0.16","73.5","55","42.6","51.8","43.3","54.1"
"Katarina Zavatska","10","0.05","0.32","0.16","67","63.7","47.4","58.3","54.8","69.4"
"Dejana Radanovic","1","0.08","0.5","0.16","57.1","64.3","35.7","52","61.5","58.3"
"Sara Errani","52","0.03","0.19","0.16","77.3","57.2","42","53.7","54","59.6"
"Marina Melnikova","15","0.08","0.5","0.16","69.2","59.4","37.9","52.8","50.4","55.9"
"Isis Louise van Den Broek","4","0.07","0.47","0.15","68.7","62.3","34.7","53.7","54.8","57.8"
"Marina Bassols Ribera","8","0.05","0.33","0.15","62.8","60.1","51.5","56.9","62.4","68"
"Irina Maria Bara","14","0.03","0.2","0.15","71.9","56.6","39.6","51.8","53.1","55.9"
"Miharu Imanishi","2","0.06","0.41","0.15","63.5","50","36.8","45.2","37.5","41.2"
"Marcela Zacarias","5","0.07","0.47","0.15","70.9","52.3","33","46.7","47.1","40"
"Andreea Mitu","4","0.06","0.39","0.15","57.1","64.1","33","50.7","48.3","51.6"
"Alessandra Teodosescu","1","0.1","0.7","0.14","51.7","67.7","20.7","45","44.4","50"
"Francesca Di Lorenzo","5","0.04","0.29","0.14","66.8","58.2","43.8","53.5","57.1","61.8"
"Katharina Hobgarski","2","0.04","0.29","0.14","64.3","66.4","39.4","56.8","52.6","67.9"
"Magali Kempen","3","0.1","0.73","0.14","59.4","57.2","40.4","50.4","47.5","48.8"
"Anna Danilina","2","0.06","0.44","0.14","70.7","45.1","47.1","45.7","45","31.3"
"Martina Trevisan","12","0.03","0.22","0.14","65.6","57.8","43.5","52.9","48.9","58.6"
"Varatchaya Wongteanchai","5","0.04","0.28","0.14","66.4","57.6","37","50.7","42.1","53.2"
"Lian Tran","2","0.04","0.3","0.13","69","59.6","51","57","65","69.6"
"Aoi Ito","1","0.07","0.53","0.13","59.6","54.2","40","48.5","47.1","40"
"Anastasia Zarycka","1","0.08","0.62","0.13","66.7","54.4","35.3","48","61.9","38.5"
"Seone Mendez","1","0.11","0.89","0.12","43.6","50","41.9","45.5","28.6","44.4"
"Katharina Gerlach","2","0.07","0.6","0.12","61.5","51.6","32.5","44.2","50","40"
"Marie Benoit","2","0.05","0.42","0.12","55.2","55.1","41.1","48.8","38.9","42.1"
"Tadeja Majeric","1","0.11","0.89","0.12","54.8","58.8","28.6","45.2","25","33.3"
"Zeynep Sonmez","21","0.04","0.36","0.11","60.2","62.2","45.2","55.4","56","63.5"
"Basak Eraydin","3","0.05","0.47","0.11","64.9","62","27.8","50","55.3","55.3"
"Ashley Weinhold","2","0.04","0.38","0.11","77.7","56.2","52.4","55.3","73.5","62.5"
"Irene Burillo Escorihuela","3","0.03","0.31","0.1","66.3","58.9","42.2","53.3","58.3","58.3"
"Taylah Preston","9","0.04","0.47","0.09","64.3","57.9","40.1","51.5","52.3","53.1"
"Sofya Zhuk","8","0.04","0.43","0.09","72.4","59","37.2","53","53.9","55.7"
"Mariam Bolkvadze","15","0.04","0.45","0.09","68.5","61.7","42.3","55.6","50.5","61.5"
"Riya Bhatia","2","0.04","0.52","0.08","60.9","58.9","37.7","50.6","56.5","56.5"
"Olivia Rogowska","2","0.06","0.72","0.08","58","55.3","32.7","45.8","52.4","44.4"
"Tessah Andrianjafitrimo","5","0.04","0.58","0.07","56.9","62.8","39.7","52.9","52.9","53.8"
"Jade Windley","3","0.04","0.57","0.07","62.9","56.5","38.4","49.7","42.3","46.4"
"Anna Fitzpatrick","2","0.06","0.83","0.07","55.6","59.4","34.5","48.4","44.4","44.4"
"Maria Mateas","3","0.03","0.53","0.06","74.1","50.3","40.4","47.7","41.9","40"
"Reka-Luca Jani","5","0.02","0.34","0.06","72","60.3","35.6","53.4","52.4","57.4"
"Lisa Whybourn","3","0.05","0.91","0.05","57.7","48.9","30.4","41.1","39.3","22.7"
"Anna Smith","3","0.03","0.55","0.05","61","57.4","37.8","49.8","64.6","45.2"
"Anna Lapushchenkova","2","0.05","1.11","0.05","53.1","60.5","34.3","48.3","62.5","52.6"
"Megan Knight","1","0","0.56","0","58.1","63.9","50","58.1","57.1","66.7"
"Alicia Dudeney","1","0.25","0","0","61.7","45.9","56.5","50","33.3","50"
"Anouck Vrancken Peeters","1","0","0.5","0","64.3","50","35","44.6","44.4","37.5"
"Hephzibah Oluwadare","1","0","0.69","0","50.6","57.5","30.8","44.3","46.7","38.5"
"Brooke Black","1","0","0.25","0","64.2","58.8","52.6","56.6","40","62.5"
"Elena Pridankina","1","0.14","0","0","80.2","60.9","52.9","59.3","58.3","64.3"
"Liv Hovde","1","0","0.2","0","68.2","44.4","52.4","47","40","40"
"Matilda Mutavdzic","1","0","0.5","0","54.5","33.3","32","32.7","46.7","0"
"Jasmijn Gimbrere","2","0","0.47","0","60.7","54.4","36.4","47.3","60","46.7"
"Lea Ma","1","0.08","0","0","57.1","45","43.3","44.3","50","33.3"
"Lexie Stevens","1","0.38","0","0","80.6","48","58.3","50","66.7","50"
"Holly Fischer","1","0","1.17","0","54","44.4","30.4","38","45.5","0"
"Anna Sinclair Rogers","2","0","0.2","0","66.9","54.1","45.2","51.2","40","55"
"Darya Astakhova","1","0","0.36","0","66.7","60.9","53.1","58.3","66.7","64.3"
"Oleksandra Oliynykova","1","0.17","0","0","61.7","62","38.7","53.1","33.3","50"
"Nikol Rivkin","1","0","0.5","0","54.5","56.7","48","52.7","20","50"
"Carlota Martinez Cirez","1","0","0.83","0","60.9","42.9","27.8","37","45.5","0"
"Mina Hodzic","1","0","0.5","0","54.7","51.7","37.5","45.3","50","25"
"Mai Hontama","10","0","0.27","0","70.8","57.4","42.1","52.9","53.1","55.8"
"Chihiro Muramatsu","1","0","0.23","0","66.7","55.2","44.8","51.7","50","53.8"
"Berfu Cengiz","1","0","0.38","0","53.8","47.6","33.3","41","16.7","37.5"
"Katherine Sebov","3","0","0.17","0","82.2","51.7","19.2","45.9","53.3","39.1"
"Irina Fetecau","1","0","0.38","0","62.8","48.1","43.8","46.5","20","50"
"Anastasiya Komardina","1","0","0.43","0","64","31.3","38.9","34","46.2","0"
"Ivonne Cavalle-Reimers","2","0","0.35","0","69.7","61.6","39.5","54.9","63.2","65"
"Jessica Failla","1","0","0.33","0","75","45.2","50","46.4","54.5","44.4"
"Carolina Alves","2","0","0.33","0","65.7","58","36.1","50.5","40","50"
"Gabriela Ce","1","0","0.46","0","66.7","54.5","45.5","51.5","60","53.8"
"Hiroko Kuwata","1","0","0.21","0","68.8","50.9","58.3","53.2","30","50"
"Aldila Sutjiadi","1","0","0.3","0","63.6","42.9","20.8","34.8","22.2","30"
"Kimberley Zimmermann","2","0","0.48","0","55.3","59.5","38.2","50","48","48"
"Stephanie Wagner","1","0","0.3","0","69.2","37.8","40","38.5","50","30"
"Brianna Morgan","1","0","0.2","0","62.7","59.5","18.2","44.1","14.3","40"
"Francesca Stephenson","1","0","1.43","0","50","51.6","29","40.3","62.5","14.3"
"Quirine Lemoine","1","0","0.6","0","68.1","69.4","30.4","56.9","62.5","70"
"Lidziya Marozava","1","0","0.29","0","64.6","59.4","51.4","56.6","54.5","64.3"
"Lottie Fox","1","0","0.88","0","60","53.3","35","46","37.5","37.5"
"Zuzana Ondraskova","1","0","0.56","0","53.3","43.8","42.9","43.3","40","33.3"
"Zuzana Kucova","1","0","0.4","0","60.3","51.2","51.9","51.5","50","60"
"Viktoriya Kutuzova","1","0","0.45","0","64.1","46.3","39.1","43.8","36.4","36.4"
"Victoria Marie Mitchele Larriere","1","0","0.43","0","60","36.7","55","44","58.3","28.6"
"Victoria Kamenskaya","1","0","0.22","0","57.1","50","58.3","53.6","33.3","55.6"
"Valentyna Ivakhnenko","4","0","0.42","0","72.5","55.8","43.5","52.4","54.5","53.5"
"Tereza Mrdeza","4","0","0.39","0","71.4","54.2","33.8","48.3","48.8","44.7"
"Sofia Shapatava","1","0.1","0","0","69.4","50","40.9","47.2","33.3","40"
"Shannon Golds","1","0","0.29","0","63.8","53.3","41.2","48.9","42.9","42.9"
"Neuza Silva","1","0","0.6","0","70.4","58","38.1","52.1","60","60"
"Misa Eguchi","1","0","0.78","0","67.8","62.5","15.8","47.5","37.5","44.4"
"Masa Zec Peskiric","1","0","0.67","0","65.7","59.1","43.5","53.7","50","66.7"
"Maria Kondratieva","1","0","0","0","89.2","39.4","25","37.8","0","28.6"
"Ksenia Lykina","1","0","0.17","0","66.7","42.3","23.1","35.9","50","16.7"
"Junri Namigata","2","0","0.47","0","62.5","47.1","31","41.1","36.8","29.4"
"Estelle Guisard","1","0","0.2","0","50.8","71","50","60.7","0","70"
"Anne Kremer","2","0","0.38","0","66.7","57.3","46.3","53.7","46.2","56.3"
"Andreja Klepac","1","0","0.33","0","69.2","51.1","45","49.2","50","44.4"
"Amanda Carreras","1","0","0.75","0","55.3","46.2","28.6","38.3","33.3","25"
"Alena Fomina-Klotz","1","0","0.1","0","78.7","52.5","43.8","50.7","55.6","60"